"name","INSTAR1","INSTAR2","INSTAR3","INSTAR4","PUPAE","TOTAL"
"RH025",1.23439,1.4295,0.94308,0.3123,0.5549,0.21945
"HA",27534.92,28219.93,20767.22,12629.46,15648.63,28049.98
"HH",37071.82,39340.77,36213.96,140281.42,43983.41,35362.18
"TH",301,301.37,304,308.31,306.6,298.6
